variant,sample,alt_alnScore_mean,alt_alnScore_std,alt_count,alt_insertSize_mean,alt_insertSize_std,alt_reason_alignmentScore,amb_alnScore_mean,amb_alnScore_std,amb_count,amb_insertSize_mean,amb_insertSize_std,amb_reason_alignmentScore_alignmentScore,amb_reason_flanking,amb_reason_multimapping,amb_reason_orientation_alignmentScore,amb_reason_orientation_orientation,amb_reason_same_scores,ref_alnScore_mean,ref_alnScore_std,ref_count,ref_insertSize_mean,ref_insertSize_std,ref_reason_alignmentScore
"Insertion::5:34,855,249-34,855,360;len=1",HG002_hs37d5_2x250,973.352941176,18.0910805988,17.0,432.470588235,75.4423173862,17.0,877.973684211,164.918438668,152.0,423.618421053,210.531937014,36.0,98.0,14.0,1.0,3.0,,980.880952381,20.5475086903,42.0,430.357142857,82.4672579843,42.0
"Insertion::5:34,855,249-34,855,360;len=1",HG003_hs37d5_2x250,979.176470588,12.0793226053,17.0,425.470588235,45.3679306884,17.0,897.790697674,151.626257898,129.0,419.255813953,207.225087489,29.0,88.0,5.0,3.0,4.0,,967.962962963,26.0675496888,27.0,445.666666667,63.9918976353,27.0
"Insertion::5:34,855,249-34,855,360;len=1",HG004_hs37d5_2x250,,,,,,,881.454545455,153.345509672,154.0,426.876623377,266.264523485,46.0,89.0,5.0,2.0,10.0,2.0,967.607843137,32.4364104487,51.0,438.921568627,86.3515030779,51.0
